{
  "x": [
    0,
    0.1,
    0.2,
    0.30000000000000004,
    0.4,
    0.5,
    0.6000000000000001,
    0.7000000000000001,
    0.8,
    0.9,
    1,
    1.1,
    1.2000000000000002,
    1.3,
    1.4000000000000001,
    1.5,
    1.6,
    1.7000000000000002,
    1.8,
    1.9000000000000001,
    2,
    2.1,
    2.2,
    2.3000000000000003,
    2.4000000000000004,
    2.5,
    2.6,
    2.7,
    2.8000000000000003,
    2.9000000000000004,
    3,
    3.1,
    3.2,
    3.3000000000000003,
    3.4000000000000004,
    3.5,
    3.6,
    3.7,
    3.8000000000000003,
    3.9000000000000004,
    4,
    4.1000000000000005,
    4.2,
    4.3,
    4.4,
    4.5,
    4.6000000000000005,
    4.7,
    4.800000000000001,
    4.9,
    5,
    5.1000000000000005,
    5.2,
    5.300000000000001,
    5.4,
    5.5,
    5.6000000000000005,
    5.7,
    5.800000000000001,
    5.9,
    6,
    6.1000000000000005,
    6.2,
    6.300000000000001,
    6.4,
    6.5,
    6.6000000000000005,
    6.7,
    6.800000000000001,
    6.9,
    7,
    7.1000000000000005,
    7.2,
    7.300000000000001,
    7.4,
    7.5,
    7.6000000000000005,
    7.7,
    7.800000000000001,
    7.9,
    8,
    8.1,
    8.200000000000001,
    8.3,
    8.4,
    8.5,
    8.6,
    8.700000000000001,
    8.8,
    8.9,
    9,
    9.1,
    9.200000000000001,
    9.3,
    9.4,
    9.5,
    9.600000000000001,
    9.700000000000001,
    9.8,
    9.9,
    10
  ],
  "y": [
    0.30191737634073806,
    -0.8922888679675478,
    -0.02853523611516807,
    0.7171102946818511,
    -0.5206569112402935,
    -0.6194495830654132,
    0.4824606651829701,
    0.4819812088930414,
    -0.7915277643539109,
    -0.032176200755386845,
    -0.02386013851699635,
    -0.4114894046356464,
    0.7521523170443578,
    0.28905848856094474,
    -0.5715208817299605,
    0.0017634296212085954,
    0.8302593940865656,
    -0.012886600618147948,
    0.5523450759307175,
    1.9032367459410862,
    6.268335288755094,
    1.4659907727239265,
    0.30404598828309026,
    0.12774391280783975,
    0.8340571536659084,
    0.6748872085015916,
    0.5962594639565747,
    0.6023477535782255,
    0.04467449720087939,
    -0.7908372465565192,
    -0.8982601479147142,
    0.9540380023100455,
    -0.5218400202974686,
    -0.2545604009846022,
    0.5141080573297055,
    -0.43220121455366806,
    0.47557175277241676,
    -0.6769521666137103,
    0.719441648296624,
    -0.9104862595365217,
    -0.7024808014484575,
    0.6791014168620997,
    0.9694429314566323,
    -0.8771004720573323,
    0.5207329040892006,
    0.46649907250513983,
    -0.6270863486159817,
    0.15994781323705598,
    0.25350519993146303,
    -0.5427981599221123,
    0.9854226829309937,
    0.9967949530514885,
    -0.6124702551685948,
    -0.23110311375857998,
    0.975028076517547,
    -0.5101090276462811,
    0.8666126727208627,
    0.5149089679794734,
    -0.7254850036929666,
    0.07526468884688187,
    0.31755197383866296,
    -0.7089922162284632,
    1.103159833842516,
    -0.46390148172479384,
    -0.5628703935518273,
    -0.1714700427112858,
    1.1550082957826757,
    0.9433187448922051,
    1.1133755252662896,
    1.6125789024538832,
    -0.04894717920671554,
    0.7912939018596469,
    2.236732640084721,
    1.5987314600755649,
    2.025370684320131,
    2.638521445799839,
    4.285302843832988,
    8.476299019568124,
    17.872239826217363,
    63.576629244426755,
    318.6113616887257,
    63.47551044842379,
    19.448746921494372,
    7.719458000185389,
    5.854792306257674,
    3.923164200234219,
    2.204597565337119,
    2.384498385064176,
    1.378454954886029,
    1.961698052315569,
    1.3104690373906336,
    0.6007681108663364,
    1.053153963829148,
    1.2377568686364688,
    0.7652285381798568,
    0.11626959567984585,
    -0.006291731866073014,
    -0.059927982640446575,
    -0.5957882845860207,
    -0.5035825776621798,
    -0.6234807482694612
  ]
}
